text,target
realyy alone or with 3,0
space ship,0
fuck that dark willow,1
but please report this fucking od,2
do not worry,0
that is the most broken shit,1
cannot even fucking finish a game already won,1
never chat all at early kids,0
he wants ez win coz hes too idiot,2
he cant,0
how retard got a gf,2
i love france where is the surrender button,0
on ne snyal tebe 900 hp,0
who got that shit,1
slark actually retarded,2
talk to your friends at the top,0
commend troll,0
fucking whore,2
he was from start in dota,0
it took my shaman 12 min to ward my lane,0
he cant play farm talk,0
win against me,0
eat my as,2
son of whore,2
i woudl let him live,0
coemnd,0
commend sf thx,0
shitty archons,2
sad this dog,2
in my arsehole,2
witch doctor afk gg,0
are they coming back,0
in this moment,0
first time computer,0
asec,0
ops sorry all chatr,0
motherfuckers,2
and some more playing dick,1
too late,0
nice fedddd,0
he feed cour spam sentry in base,0
mother fucker,2
what,0
kill urself wywern picker,2
morons,2
this shit d,1
dont ned bots,0
retard take lycan for hard,2
wd c,0
sup fatty ever gonna catch me,2
dogshit can not gank,2
techies 3,0
show us,0
how to change aggro d,0
brothers who want to fuckeach other,2
reporrt lc and im fine,0
can u stop sucking dick sf,2
sf is brainlet,2
fuck that necro he sucks anyways,2
by selling ur mom is anus,2
i just get mad when ppl take mid and there mother is whore,2
bitch,2
was fun mid tho,0
strictly bussiness,0
anyone got a cup of coffee,0
how many more x3 mins do we have to wait,0
easiest game of my life,0
cold snap is bullshit,1
d every noob with half brain play this shit,1
can we go for it,0
17minutes fuck off rd,1
pls f9,0
finished,0
useless lc and dark,2
storm u rly so bad,0
not doing so hot guys,0
report pa wasting our time,0
and cant do shit,1
im not even the worst,0
this is my core,0
4to ty budew,0
what sex it just a compliment,1
feed,0
how much on pussy of hair,2
tell that,0
trash bristle,2
i raped him,2
holy shit,2
play with the creeps,0
hes fucking god,1
is that a utility sf or what,0
camooon fucking nooobs,2
faster as i can,0
read he name,0
icarried the shit out of thisgame,1
has gem walked intio bomb,0
exactly,0
dont be salty bro,0
how too day chung no choi dien tu,0
this lc gay,2
fking team,2
ima out to fuck,2
rather die to axe than storm,0
fight me faggots,2
while i got a normal human being,0
this game dddddddddd,0
that killed me once,0
ff i wont win this for these retards,2
fucking try harder,1
son of whore legion,2
goodluck have pandesal,0
come with us pudge,0
i can win you,0
please,0
wp tech,0
sucker,2
hows your mom ursa,2
ez team,0
shame on you bro,0
good gamewell played,0
my name is also joshua,0
sick insult,0
he saw a sniper in enemy team and he say fuck this game im out,1
focus me more pussy storm,2
3 misses in a row,0
i am a dick for playing better now,0
its alright,0
in this glorious 2018,0
shaman went to pray,0
what to do with 300 ping,0
and then,0
nice counter pick,0
fuck off weab,2
sf little pussy,2
oh right,0
thats it haha,0
ta ebal tvou rot,0
ward in the worlf,0
5k hrs this meepo lmao,0
child porn or what,2
thanks wd,0
this noob,2
if u are some kind of retard,2
guys this game is like school of dota it explains u can have the biggest trash mid and still win,1
miss me with that gay shit,2
finally,0
learn a real language,0
cm what are you r point,0
shaker down ebaniy,0
asshole,2
the bicho,2
gg wp commend me,0
not so match 32,0
so glad not losing ot anti fun,0
i got 1 milion hero for ganks and they are just shits,1
wombo combo my dick,2
no fuking currier,1
report death pls,0
me achamo,0
execpt am fuck that guy,1
hate me so fucking much,1
cumback,1
so fucking noisy but just a piece of shit,2
off cheats idiot,2
they didnt pause,0
beast ulted,0
tide farm,0
we lose this,0
typchial 10 min game lose if u get people like this jugger and wr,0
tried my best,0
ull make this world a better place,0
u had so much luck 100 chance for that fucking skill,1
i play this hero for the first time,0
storm stop feed plz,0
i thrw this,0
only this stun on u in last fight can recognized by the nicest move of this game,0
fuck this am,2
wr also shakle med,0
i go lane they all follow me,0
go finish,0
twice who,0
he still stayed,0
tiny has been banned,0
currently offline,0
not a single one of them went above 12k networth,0
talent ignore this dumb rubick,1
game is hard,0
that was so,0
u can shit rn told ya,1
commend bh 18 assist,0
wont win wout my team,0
it is ew,0
and report wr,0
you are tha bitchs,2
suck my cock,2
game is hard,0
noobs why focusing on terror,1
your racks saxe,0
what a alucky shit,1
fuck off and act mature,1
i cant believe how lowskill and stupid people can be,2
who ther fuck gets bkb in lp,1
already pick first invoker and i playing my role picking fucking ck and go mid againist tinker what an asshole,2
that is how it is supposed to go,0
i tot all of u guys are carry,0
ty,0
and nyx,0
sorry was fingering your mum,2
hes raging,0
our cores decided against showing up,0
tell ya he was upset there werent enough pv in this game,0
look at this,0
what are u doing stupid,2
space for your mom,2
report fucking bs,1
even treads on agi,0
report rubbick,0
bg fucking idiots go play normal all pick,2
enemy you think you can win,0
qop it shit,2
we are late game,0
my necro bought a 50 minute radiance,0
no aghs tinker,0
lc and moph useless,2
just for wanting to play mid,0
its wasting of time,0
fuck u,2
this fucking,1
there,0
fuck my win streak,1
comedn tide shi,2
no you are strong people,0
mother fuciker,1
mirana was the problem,0
report wd,0
aginst these fucking retards,2
really wworth it,0
what happened little noob,2
retarded team,2
thought our fucking monkey,2
wtf was that,1
please,0
weaver can play with his hero,0
give reason to pause,0
sucks you have to spam to gain mmr dawg,2
fuck this team,2
go to bed,0
u sound like that,0
shitting whole game on team,2
hoock,0
why hate me,0
my eyes closed,0
that what it comes down to,0
so that he can be lowprio,0
losing to herald bro,0
how often,0
ty for game all,0
that was more lucky than ur kill d,0
dont wanna play wth this cancer on mid,2
my hc is weaver,0
reatrds,2
it is like my signature hero,0
comeback is real,0
this trash luna,2
this dumbass thinks that turbo means every hero turns into an sb or axe,0
where are u bb,0
suck my cock,2
can u push wanna report 2 cunts in my team asap,2
let them def wtf,1
fuck timbers mom plz,2
where is ur pinis,2
end please,0
somehow,0
stop being dicks and fountain camping,1
did you just give me a health pot,0
rofl tiny,0
worst players,0
fuck this,1
what u doing,0
rofl,0
just go mid finish this shit,2
just wait bitch,2
maybe every time you open your solty mouth you lose,0
wtf are you doing tiny,1
i will defeat you,0
when i saw you youre lvl 12,0
u are solo faming top while ur t2 is getting fucked,1
thot,0
realyl puase,0
he has 20 sec,0
why ur team ded,0
i fucking raped you,2
i no longer like your build bh,0
iz my team all noobs,2
whu,0
mira u gona get raped this game,2
we have 5 cores,0
clearly,0
give him the rampage you bitch,2
aint gonna wait longer than that,0
ty am,0
no my item d,0
fucking asshole,2
np our sf is totaly autistic,2
ask support,0
first blood,0
fucking axe retard cunt,2
this one is in the bag,0
suck,1
ur a bristle you fucking retard,2
its me pk,0
ward,0
low priority gank,0
imbecil,2
mother fucker,2
thanks,0
and you will know,0
wp pudge,0
at rosh,0
wtf 1 hit,1
rofl,0
op heroes shit picks,1
fuck no,1
this invo so fucking asshole,2
yall salty its 287 at 16 min,0
wtf is that,1
he only played dota this long so that in this one game he could dc,0
he is cuming in 1 min,1
that shows cleavage,0
king of the low,0
weaver handless,0
how are these ranks equal,0
morlon warock,2
reported,0
rofl,0
reproted,0
pff sniper,0
reproted,0
the cancer lancer,0
why no et instead of tusk,0
outplayed,0
tard cores,2
storms way worse mann,0
what an idiot,2
scuck hes paenus,2
report wk,0
what a dumb legend player,2
please,0
that mirana is shit also,2
ikaw lng nmn cancer dito bobo,2
rage player,0
pathetic,1
we lose ck blyat,2
u wasted to much money on wards,0
rice eating shit lord,0
he abandoned last game,0
what a loser,2
nah just other route,0
thios pudge dogshit,2
you guys have pause already for 5 min,0
my anus is itching,0
whys that,0
the diffusal works,0
yeah but chaos is op,0
afk,0
suck m cock,2
pointless smurf bullshit,2
why report,0
party,0
report these noobs pls,2
whatever noob sucks,2
no way with this fucking pick,1
yeah sadly not my acc,0
im free hit,0
he offlane,0
rofl,0
did anything except feed lol,0
i just dont know how you are so good,0
fucking trash of humanity,2
i hope this keeper won this,0
comeback is real,0
smurfing as clinkz d,0
are you fucking srs,1
fuck your moms,2
fuck off,1
really me,0
playing with noob,2
worthelss trolling shit,2
this is literally a fucking 2v8 game,1
passive heross here,0
fed fed,0
for him,0
ur actually a dumbcunt,2
ruin player,0
this is the only way that u can bring noobs to play,1
which killed me,0
my internet will go down at like 20 mins and you can all spam karmarmakrkm in all chat,0
fuck u,2
she missed this time,0
on fountain,0
scary,0
go fuck yourself,2
whys everyone so angry,0
report pudge,0
report him,0
game of retards,2
pango thx for game,0
go mid mother fuckers,2
the sloppy seconds of me taking his mid by force as the superior male,0
what is fucking going on in dota,1
what you laughing for wind,0
this is a sad storm,0
noob team shit,2
pathetic noobs,2
everything my fault,0
for teammate,0
u motherfuckers,2
or pick an actual offlane hero,0
w8 2 more sex,1
you both suck at english,2
brainless cunt,2
nothing more,0
report team please ez bot,2
pls report es thanks,0
well played shit cunts,2
how to win,0
report alch for not having 025 seconds per atk,0
you fucvking assholes,2
welcome to well,0
why meepo so noob,2
what a scum dog niger,2
bots,0
so go fuck yourselves,2
thrash es,2
always noob player on mid,2
meh free lanes for middle and top basura,2
talking to the mooooooooon,0
report these motherfucking trash support fuckheads,2
you cant touch this,0
for champagne and sucking,0
so try hard,0
try,0
no online steam,0
1 and 12,0
gg first time pudge on my team,0
how many times are you gonna miss,0
this was a fun game,0
5 russian shits,2
fuck this techies,2
then what r u jug,0
my team suck hard,2
mummy issues,2
suck carry,2
end it faster ty xd,0
fucking solo rp on me,1
fucking team,1
wtf with u abbadon,1
wheres sniper,0
i am about to beat his ass and yours,0
what the fuck is your problem with m,1
ea tshit,2
u fucking ancient 3 got ppl watching,1
happy new year fucktards,2
you have idiot player,2
wp team,0
worth,0
oracle win this shit solo,2
so stfu and play,0
and this retard,2
his net is gone for a few minutes i think,0
4 reports,0
fuck off mid,1
jebaited,2
succ me too pls,2
or whatever,0
cry bitch,2
report ursa,0
u want their pos,0
idk how the fuck he feeds so much,1
umback is real,0
bait of the year,0
gg this omni watches too much fucking slacks,2
free ward lol,0
easy game,0
idc about next game,0
report sf ty,0
commend,0
why need to kill,0
all thai shits,2
this dk ratting in turbo game,0
rarely seen such a retard,2
it is for you,0
since i join with this shit jug and wr,2
we been 4 since dk abandon at minute 4,0
pls report sd he is a russian scim,2
i will rp this brood,0
hate me,0
storm is ulting toward you,0
who the fuck needs pudge,1
ck,0
wtf is go on,1
in this game,0
fuck dog to born,2
if you fucking unpause the game will just go rmk,1
wtf is tjhios,1
cna not push wihtout killing dumbasses,0
she is just having good time with creeps,0
you look right cause i was left,0
so it diesnt chase,0
dont touch my team,0
morons,2
fail dog with so much supp,2
lol i was talking to my brother,0
commend omak,0
5 seconds in already bitching,1
a che on,0
void ulti and run like a bitch d,2
youre shit,2
gg wp team,0
all report noob loser pinkseeker,2
rly usefull stat,0
reprot shaker and bs please make mm a better place gg wp,0
u just saw erick wright guide,0
look at your shitty heros,2
had to take a shit,1
fuck this cxarry,2
we not have 5 hero,0
want to rape you,2
its the big showwwwwwwwwwwwwwwww,0
one click noob shit,2
typical,0
fucking dog clock,2
what,0
wasting effort for this team,0
fucking trash supports,2
4head,0
report trooll,0
d2 crash,0
tomorrow will be good day,0
i would have raped pl,2
this is my life,0
fuck this team,2
if you dont report this fucking trashg,1
this shits,2
report mirana,0
black shit,2
your mom is e,2
best carry,0
report bh all,0
is he playing with dialup,0
ty,0
so i could burn u,0
fucking monkey shit,2
we were about to,0
when u have 2 dogs bot cant do shit,2
fucking trash,2
i have one mexican,0
aunty,0
forcestaff,0
call roshan,0
shut fck up,1
techies is a fine pick,0
i think this trash fag is muted too,2
assshole,1
hoy ipis,2
has a small space,0
im 10k party wtf valve,1
but my teammates wont to kill u9,0
how the fuck is this balance,1
why you fucker you should pick counter hero,1
it is the only explanation lol,0
ez noob team,2
basher void,0
that cant find th mute button,0
not with this whinny league enchantres and this russian pudge,2
and rape u,1
being useless carry and got carried,2
chaknorisom,0
it never was you dumb shit,2
this keeper carry,0
how many russians are on your team,0
i think you guys need more invis,0
of course,0
go to the hell jong hyun,0
oh great,0
lich full sup for defeat,0
worst country of the world,2
go push items,0
becouse you all have no skill heros,0
sry only noobs here,2
they cant understand you,0
he is so good,0
worth it,0
our 05 lina is bitching that im not hard supporting enough,0
come slark,0
the must noob lc ever,2
everywhere,0
he speaks now,0
idiot player,2
why is ur name shit,2
that was dumb,1
ur shit friends are just gonna lose the mmr either way,2
has trouble,0
wtf why,1
fuc kfof bro,1
sorry my friend is an idiot,2
i earned 50k on xvg but its shit coin probbably,1
fuck off,1
your time tho,0
wtf is that,1
ty fro free xp noobs,2
finaly,0
just wait and play this fucking game,1
hopeless pudge feeding please end fasssttttttttt,2
why,0
fuck pussys,2
retard team,2
you are shit,2
i wont play with this trash,2
cant fuck with oracle,2
ez go fuck ur mather pla,2
not sand king or witch doctor or sven,0
he is still offline,0
not even close bro,0
what a raping,1
fuckign ancients,2
nah fuck that toxic cunt,2
does not matter if my team or enemy,0
thank you,0
2 carries to take down a fukkin support,2
youll see what i mean,0
ur mother is whore,2
cant kill wk,0
wp team,0
wtf he back,1
any words tree,0
you have no girlfriend either i bet,0
is shemale reconn,2
then he will rape u,2
and ur retarded kidand feed,2
nice hurricane,0
paused plss,0
trash russian,2
any problem with dark lord,0
we playing a an down from minute 5 go fuck yourselves,2
ofc,0
noob win pro lose,1
worth,0
techies is gay irl,2
he ruptured pudge,0
that is full house,0
stfu techies player,2
its ok just report russian od and void,2
ca not you fucking wait,2
should i stay or should i go now,0
he come,0
topkeks what a clown,2
yeah hes gone,0
he is russian incest kid,2
it been so fuckinbg long,1
are you actually retarded or do you just play one in dota,1
shut he fuck up,1
whawt on drow,0
ez storm baited lol,0
comend shadow fiend,0
as they say,0
why always me,0
ass hot,2
bb fight with me 1vs1,0
go fk yourself,2
dont gv up this world got thousand noob,1
michael jackson is dead,0
alright youre just an idiot,0
hly shit,1
suck a dick orange,2
almost turned the fight,0
go fuck yourself xd bye bye dog,2
whoops,0
its pretty entertaining to have 0 help,0
hes raped me on lane,1
wtf item techis,1
fucking uneducated pinoys,2
watching how i die then they due,0
she almost fucked me up,1
holy shit,1
they just lost their lane,0
gothbouclique make a hoe shake,1
pls come back,0
report team,0
thanks,0
really,0
they suck,2
invoker memek,0
in my team,0
apparently,0
fuck off,1
u know knight online,0
k time to end you ignorant fuckers,2
use bloodstone,0
dude the other team doesnt wanna hear you be a little bitch either,2
fckoff,1
why is tjhe tower so damn big,1
cancer team,2
ew carry tt on support,0
see that,0
last 3 games not counted because of early abadons,0
and die all the time,0
she just told me about your baby sized dick,2
write pls,0
team tards,2
commend team,0
we will finish quickly,0
shadow fiend,0
we got cancer pignoy,2
then u fginish,0
in dream,0
and i am a support,0
report monkey,0
u wanted top stfu,1
so fucking awesome,1
idk what is this shit,1
what the fucl,1
instead of talking about cocks,1
report sf and lycan,0
he is off,0
and its real,0
sentry,0
ty pudge,0
clock clock clock clock clock clock clock,0
this trash tinker,2
that was such a noob move,2
rape tt,1
this is where the fun begins,0
these mother fuckers,2
sir it was calculated,0
so cute and noob,2
try hard,0
noobs always goes core,2
but he does now he beats the shit outta you,1
3 ancient at btm feed,0
cm for the nimbus,0
dont have to it sucks,1
and will confuse you,0
up the secret shop,0
so lets wait motherfucker,1
it r e a l l y makes you look like the biggest dick in the game,1
how much you charge a night,0
piece of shit,2
luna whoreson,2
ur carry so fcking free running around,1
righht click,0
balls removed,0
dead pa,0
the entertainment yes,0
stupid techies pickers,2
ty for waiting,0
trash voker rofl,2
when we are done clingz make sure to give jugg a good sucky sucky as a thank you that he carried ur ass ok,2
fuck off dudes,1
btw dont report my steam acc for containing nigger in it,1
felt bad right,0
conratulations,0
its,0
nah wk u are the poor cunt now,2
come,0
please tell me who will report this monkey and lina,0
real shit sense here,2
how the fuck,1
please report am,0
if u need fucking megas to end this,1
ragnaros is life,0
they rank 200,0
hey,0
solo carry team,0
off noob,2
exactly,0
clock carry n,0
yes with my ultimate fingering skill,2
noob team no stack for me,2
how much real mmr,0
shitfeeder coward motherfcuker,2
idk what teals talking abou,0
being a dickhead,2
you guys were winning early game,0
hey divine,0
how acn you be so lucky,0
you are so fucking bad,2
how rude you are,0
ur about to waste,0
for what,0
well played,0
in every single game,0
what,0
that zeus is a clown,2
wp tb,0
wtf its happen with this ck,1
these russians,0
hes not coming back,0
wp tidew,0
he is with us,0
stupid retarded dumbass,2
planted hahaha,0
dont kill the dog,2
tell pduge to go fuck his mamka,2
better than lycan though,0
whos noobkun believe in ssr,1
and il transfer,0
withh 600 avg gpm,0
whats the matter,0
its the fishhhh,0
4v5 whole game,0
who thinks he is miracle,0
who u tellin to chill nibba,2
ur puck braindead,2
chestn,0
had so fucking enough of this jugg carrys and teir friends,2
report shit core medusa,2
pudge is nub,2
how es bane and luna can not handle brew,0
no tt please2,0
report wk,0
u can do better just ass blocking mate,0
dont cry bitch i get no spins,2
commend roaming ck,0
rofl,0
ur a fucking cunt,2
holy shit htough,1
ok thx,0
fuck off,1
in hitory,0
can u just shut the fuck up,1
bc fuck u thats y,2
solid preformance in mid,0
boy suicide on the mix,0
you fought well,0
didnt see everyone around me with ur fucking mh,1
hes a spoiled child that needs a dick in his ass,2
go throne,0
salve pra twitch,0
he coming,0
luna won you the game,0
sf 1 soul,0
i dont know how you are winning,0
pretty shiut,2
trash invo,0
have manay space still noob,0
4 rustards in my team,2
who buys them,0
man that silence on axe,0
thats becouse of it,0
so im waiting for u to finish,0
end now,0
comeback,0
shitfiesta,1
and just play,0
u guys worth to win,0
happy new year,0
0reaction team 0 def team 0 info team pls ff enmys,0
fuck ur refract lol,1
stop trolling and play fking es,1
report necro and fucking riki,2
u know that,0
i am top 200 brew dotabuff,0
please,0
pa and cm,0
please,0
for real,0
its not ok,0
the fact that no matter how much tinker sucks he has to spam e to makeus retreat,1
medusa esos items,0
please,0
for deaths,0
fuck 25 cs,1
my fking dicvk,1
fuck that shit,2
fuck off xd,1
this is undying,0
cool,0
christian,0
please,0
team reported and afk,0
with 1k hp,0
holy shit xd,1
hey barkkkkkkk,2
dont touch my support,0
name of the ship,0
for that shit i will make you bleed riki,2
dumb as shit,2
3 idiots in team,2
for saving world,0
report fucking french fron luna,2
fucking cocksucker,2
retarded hero wk,2
sry clock but u suck,2
think about it,0
he lost ur off,0
tryhard ape,2
wtf drow came back,1
finger you to death,2
these bashes,0
report ls botting,0
please end fast push fast please,2
i never understood why people are racist until now,0
very interesting hero,0
report spectre please,0
stop cryin,0
commed,0
report fucking timber,2
hey aa you do realzie we have a pa,0
retarded carries gg,2
u were worst carry,0
and is confused as to why shes getting her ass kicked,0
arcane on storm,0
i blew my load on your momma is face,2
fucking hard top time,1
i win the round of whose got the bettter regen,0
wp retards rofl,2
infinite jebait,2
he went insane like me,0
thank you for improving the dota 2 community,0
merry xmass,0
fuckign what,1
sheesh fucking null field bruh,1
go fuck yourself,2
i dont know how deserve this dogs,2
please end fast push fast please,2
hahahha towes wts,0
why are u dicks we w8ed meepo,1
loser and retard,2
u would ahve won this with underlord,0
i am cumming,1
gl with your next shitty game,2
every game he picks omni 5 pos,0
ur a pussy bitch,2
shut the fuck up cunt,2
je baited,2
use first,0
what a trade luna,0
fucking lc,1
poor country,0
team of idiots,2
report and ty pa,0
cause it is gg,0
report aertshaker,0
cuz top was so ez,0
and i hope you watched me fucked your pa at midlane,2
jugg kept complaining about not being able to farm top,0
rofl,0
congratz on win,0
why in my team,0
worth,0
can u call him a fat fuck for me,2
fuck offf,1
bot,0
end please,0
i was bad this game btw,0
russians cant play dota sorry,2
suck my dick idito,2
wtf,1
commend the mine,0
come here pussy,2
es and bane were looking to fight non stop,0
gengar is a shit pokemon,1
es offlane,0
report team basura please,2
5 minutes waited lifestelare to go jungle,0
prob win next two as well,0
scared of a fair match,0
stop it pls,0
you think yourself funny retard,2
what is ur brain,0
if this game end,0
treants hc,0
bot,0
help report him,0
still faster than ur dad is cock,2
hes pro,0
wtf,0
suck yourself,2
fucking account buyer omni,2
dickhead,2
fucks wrong with you,1
atleast,0
this games a fuckign joek,2
braindead shit,2
trash pudge,2
but bristle is retarded too,2
suck it,2
cant go as 5,0
he pause for us so we respect him,0
tjhis shitty hero,2
for marking me and ta,0
go fucking defend ur rax la,1
to go and look at our injokers steam profile,2
this fucking team always want to throw,1
buit you can fly fkin kfc,1
this mk,0
and lose,0
stfu stupid son of a bitch,2
i came a bit from that,0
ty for stack,0
report wk,0
how the fuck can you deny xp to a sniper,1
its invisible,0
useless tried,2
two idiots in top,2
can i supp with am next game guys,0
fucking hell,1
this team,0
i mark bototm lifestealer comes,0
that cm most useless shit i ever saw,2
just normal game all need learn,0
yeah no was not in your last game,0
who is chasing me,0
weaver fuck u,2
we will fucking report u,2
tangina,1
that slark was so sily in start game,0
is your first win,0
mmmmmmmmmmmm sex,1
go loeave noob here,2
fucing shit this team scks,2
why is in everygame me get 12 retarded players,2
learn fucking englidh,1
another one,0
stfu you are fucing cunt,2
and i wasnt even moving,0
bs player said,0
ez game tryhard fucker nice viper no skill hero pick,2
reported viper please,0
cant last hit rofl,0
are fucking patethic,1
how about we talk about this huskar,0
rofl,0
is most retarded,2
party,0
thats how u wana play,0
fuck this shit nap team,2
fuck my team,2
go next ty,0
slow cock ur dad,2
thats why you tried to ks right,0
where is march,0
sf only can kill you all noobs sucks,2
waste time,0
wtf,1
this cunt,2
potangi 9na n9iy0ol,2
im freee,0
cyka,2
all of you on 5hp,0
this guy is a complete tard haha,2
good torrent,0
fucking shit,2
ancient 3 is,0
that wtf,1
hey,0
on afk,0
why u guys just fucking end,1
so fucking easy,1
hate,0
you fucking nerd,2
only crit,0
what a deek,2
radian victory,0
press alt f4 for win,0
and suck my dick,2
a sf,0
and whats that purpose,0
fast,0
cmon bruh,0
go fucking throne,1
faking team,1
wtf are those slashes,1
hot bot,0
shit i forgot i had a taunt the whole game,1
he literally eat his ass,2
that good,0
dude u will lose eventaullywhat are u laughing at,0
1 hour connecting,0
he dint want to play with tech,0
fuck your mom,2
worth,0
treport waver y win,0
typical pinoiy,2
what,0
fuck off,1
dno what the fuck u talking bout,1
ty for 25,0
nice fair matchmaking,0
roamers,0
he said so much lag,0
chrono me for what u fuck,2
really,0
ns s ybxt yt cltkfk,0
y completly retarded,1
my boots,0
your asss,2
this tinker mom is bitch,2
what now,0
thats how much u will die,0
what the fuck,1
funny team,0
knowledge,0
idiot my team,2
cant believe a retard wanbts to kill instead of ending the game,2
trash invo win game,2
i hope you die from cancer huskar,2
creep will end,0
who picks morph now,0
drow is fucking animal,2
eam,0
i hope monkeys mother will die from cancer,2
wk cant talk with a big cock down his throat,2
what a fucking troll,2
treant afk,0
and our teammate picking shit,2
are you son of the tard,2
my team sucks,2
report ck noob,2
easy,0
we have noob cary,2
he isnt still here,0
and not helping team,0
rubick buy wards in ths mode,0
low morale low skill trash cunt,2
when you drop your weapons in the end in cs go,0
my team noob,2
fucking pause,1
worts shakles,0
try to ss our base,0
sniper best carry,0
im peruvian fuck to,1
i love the fact that voids chronos fucked us this game,1
he said he was lagging,0
welcome shit head,2
2 they are 15k mmr below me,0
he will rape u when u reach hsi rank,2
who will suck dick agter,2
rs,0
just go together bot,0
get a life,0
fuck u too,2
jebaitedcom,2
how many sucky sucky for dark artistry,0
fails of the week,0
bye low,0
cause weaver is brainless,2
u can not play vs superpudge,0
end fast for you to win,0
ez to say when you dont have idiot team mates,1
or u are with them next game,0
people,0
nice throw,0
i had enough wtf i was about to ult,1
so fucking good,1
fuckign rubick,2
cumback,1
dire has just 2 heroes tinker and timber,0
nice first kill,0
this monky is very angry,0
atleast i dont suck dick,1
becus im fking lag,1
im only the ral miracle,0
was free farm,0
please,0
oyu are the only retard in the game sir,2
im gonna pick skywrath he didnt say,0
on the team,0
fucking terrible sia,2
that pudge,0
is this 50,0
getting carried by this jug,0
merry christmas and a lispy new year,0
pushh and end lmao,0
got it cm,0
pls report shadow demon,0
im not herald,0
sry 6500 player,0
ty x,0
trash cw,2
slark is braindead,2
fuck pit,1
why no bash on quop,0
hhe,0
i told start game u all ez win,0
pls wait for the idiots,2
please report these idiots,2
this am is a gay,2
thinklin,0
that why i was loser in early,0
how did you like my cricket,0
witht tha,0
rly d,0
im playing for fun,0
party,0
roaming clock,0
my team so fuckin usseles,2
to play fucking techies,1
o,0
what is,0
merry xmas,0
finsih,0
am 3,0
i had this image of cm and mirana blowing sniper,0
1k trash palyers,2
comend,0
i timed that well too,0
maybe coz u did not even try to play,0
rofl,0
you had such a strong mid game,0
mega creeps gg wp,0
mother fucker,1
u can take 1 cock from ur buddy,2
areyou high qop,0
for sniper mother fucker,1
asshole,2
useless herolds,2
useless piece of shit,2
so fucking easy,1
cancer sup,0
he just know control armlet,0
can only can kill me with ur 2 bodyguards,0
fuck him,2
piece of shit,2
now u pick counter vs me,0
won u the game,0
alreadyt,0
this noob bitch,2
u r nearly devine,0
im leave and go watch certoon,0
thanks nerf morp,0
report team,0
nah hes just a whiny bitch,2
eat my dick,2
fuck u too,2
literally do nothing,0
genuinely wish you get this intentional ruiner,0
report pudge,0
it matters,0
cat is on fire,0
a free win,0
what 3 equally shit pushes mid d,1
he coming,0
in 3 secs you are death,0
hes offline,0
btch,2
ty for game,0
him go to school,0
everything is gonna be ok,0
we have too many russian kids,2
trash cores,2
report monkey,0
retards can,1
i fuck your young mom,2
really,0
spectard the niggard,2
sup bitch,2
there are no scars,0
report zeus and necro,0
i hate doin this,0
where are u creep,0
here we come bitches,2
comeback top bb,0
izi tu he4rmana,0
gg this fuckin shit moron meepo,2
u can end it,0
dont fight,0
come on retards,2
thats what u get faggot,2
help report this shit np,2
starter pack of injoker,2
fucking reported axe,2
so enjoy free win,0
sold items already,0
we win game if slark and zeuz stoped farm,0
pudge yu stupid fucker,2
get off my dick,2
not fucking one,1
throne,0
who will report mk i ll commend him ty,0
fuck off,1
get blnk poofed you bitches,2
and rip english,0
he is pro,0
commends fore dire for report on techies,0
ure noob we re not just serious,2
shut up bitches,2
he is autistic,2
what an idiot,2
this zeus,0
at least u have a stun,0
i dont think hes coming,0
fucking lucky shit,1
what the actual fuck,1
its even worse for you fucks,2
just give me a reason,0
i buy courier,0
i have no cock d,1
a team of useless dogs,2
and its not a shit coin bud,1
clearly cheating,0
his mom is under my dick,2
retarded team,2
man fk ur mother,2
puck is lc last game and this melody and fckingpassive player,2
3 cucks top,2
these guys are fucking terrible,2
you wouldnt win if we didnt have this meepo feeding,0
ive never played against a bad invoker before though,0
why axe is raping me top,2
fuck that kid,2
that shit was dope,1
tho u was gonna win faster,0
ill teach pudge this mother fcker a lesson,2
1010 would lane 1v1 vs brew again xd,0
my dad likes my butthole too much,1
you are fucking dumb,2
ty for feed,0
good fucking g,1
2 carrys fucked,2
why thank you sir,0
hes not my friend,0
we have nice mid and carry,0
at first i thought you were a prick silencer,1
please abandon slark,0
pl focking noob,2
he wont be back,0
he is agressiv as fuck,1
retard my fucking team,2
my storm also cry,0
fuck off,1
wtf this team,1
all report ck,0
why,0
playing with legend,0
hey dog russians,2
fucking idiot team,2
2 vs 1 top what a fking pussy,2
who the fuck needs lion,1
commed my supp,0
c,0
please end fast push fast please,2
qeen high rasum,0
really useless shits,2
whats ur ecuse shitcunt,2
and jungle,0
you are part of that peruvian team,0
the alcohol u know,0
its more of a drow,0
we dont care wtf,1
currently ingamedota 2join game,0
who the fuck wards there,1
is it wex,0
holly swhit,1
woah there,0
end the gmae,0
but hes to mongoloid,2
but acts like herlad 1,0
what a trash team,2
you fucking suck wk,2
that,0
bs hc,0
i know what u feel,0
i played good but with this wk and riki,0
suck,1
top,0
ur carry idiots,2
reported team,0
mother fucker,2
comend pls,0
play like a shit,1
what a shit,2
its balance game,0
you won the game,0
im passivbe ehhe,0
alll report that fakicn shit,2
commend tatu boila,0
hey puck,0
lanceng them tities,2
roflk,0
carry total shit,2
you unpaused to get the momentum to push,0
hey faggot ass woo ima show your stupid fuck how to support,2
we are playing 15 minute game for 30 mins already,0
x miss ghost ship,0
kill the siege,0
u acnt road to divine like that man,0
please end fast push fast please,2
drow is retarded,2
dude u fucked up the gank,1
you legend but you play as noob,2
fucking try hard,1
throw your self,2
i block him for you,0
worth it,0
tmr me olvide,0
dont worry cause im feeding,0
yeah right,0
cock what,1
you trash,1
idiot as fuck,2
they no skill fear the fuck,2
tang ina nyo,2
for this pa,0
ratas todos,0
idiot team,2
go end no team work,0
3 fucking piece of shit,2
u wouldhave hit the throne u jebaited 2k,2
wait plssf mouse failure,0
watch yours then,0
pick techies report omni hu3,0
ze old walk it off,0
this team we cant end quick,0
this,0
es dream want comeback,0
he predictedf it,0
which,0
my invis doesnt come off when i attack,0
in the same team,0
how about you stfu,2
he went bracer salve,0
i missed the hill,0
ez your mother,2
and ds cant do shit,2
that usually means,0
its like a debased form of spanish more so then mexican spanish,0
reprt tjat shit,2
ur spec is an idiot,2
che nyx,0
fuck off,1
now you die cunt,2
pls come back,0
why so many come here,0
last picks invoker when we have 4 cores is suprised when we get fucked in lane,0
i look left cause u aint right,0
wtf u want from me,1
really,0
and,0
a ti horow,0
sucks,1
fuicking good smoke tacctics,1
already,0
the fuck,1
thats it,0
rlly atleast play and dont fuck everyones time playing for nothing,1
u are lucky this fucking peruvian team never carry dust,2
we need a win,0
your dead slowest,0
commended all,0
report noob team,2
its ok,0
not useful for me now,0
hero all late haha,0
ea,0
motheryfcjer,2
cos i know you really wanna ride on me,0
fucking russiano,2
ofc yes,0
hey,0
this medusa,0
die fuck your mother,2
that would be you,0
its too late now noobs im too powerful,2
this idiot mid unpausing,2
lag the fuck up,2
worth,0
comeback is real,0
what,0
he cant take it,0
cyka,2
i just hope this wr and jugger die,2
my pos 4 is so shit,2
this gyro xd,0
i have no taim,0
team roshan,0
fck u,2
farm all of time,0
rofl,0
what language is that,0
the irony,0
wp malofets,0
fucking carries,2
i sympathize with pa,0
youtubecommirocj01 divine crusher,0
pudge good,0
not really,0
english pls,0
fuck off,1
i fucked u on the line,2
all rep this shit,2
ty brah,0
please,0
gg earth you win it game,0
what a player,0
why ban,0
what the fuck,1
fuck this pango,2
cancer bb,2
youre a bit of a bitch arent you kotl,1
that was the most basic ugly cm model,2
end no buy back,0
please be nice,0
thanks for fucking playni,1
fucking 2x bf pa with 12k hp,1
pls no speaking hyeroglyphs,0
you move like a ranged creep,0
why is pa good vs tinker fp,0
not as bad as what your mum said when you were born,2
whos the motherfucker now,1
rape this invoker mid,2
tinker go bm,0
ain thelping him,0
fuck off russians shit,2
report pan,0
reported pa,0
the power of teamwork,0
u know that,0
let the retards be,2
this team even more retarded,2
srly,0
networth,0
gl in ur solo games shaman,0
why the creep did that,0
merry xmas bitches,2
this idiots,2
wtfasfu jgofidlkyh,1
rly trash,2
this team is so noob sorry,2
see my team farming,0
anyway tinker counter your teamate but u counter me,0
we did evry fucking shit for him,1
rly,0
dont fucking play,1
what sound do you think i make when i eat cum,2
report my team plz,2
merry xmas motherfuckers,2
bird is the word guys,0
im retarded,1
learning it the hard way,0
any suggest best porn site,2
20mins scythe on od,0
it fucked me more than you,1
forty,0
there is a dick for everyone,2
that how you doit,0
this is not my fucking fault at all,1
counter more,0
report team please,2
why my team like 2k players,0
i know im shit,1
in ur mothers ass,2
0 arrow,0
u got undying counterpick,0
to be honest you didnt have impact in this game,0
o thanks,0
little fairplay rusians shit,2
its new years day,0
how to use ulti,0
piece of shit,1
that was a bit late,0
to feed,0
techies go kill yourself,0
ez top by the way,0
i play with my brain not like u have no brain,0
tumahimik ang gago,1
i muted all 4 players in my team,0
he aint coming back after he saw your easy pinoy ass mid,2
he in game,0
you fuck only your mother,2
commend swap,0
trash pickers,2
jump into astral,0
shithead,2
win this shit,1
bara or creep,0
thanks poor fagot,2
tired of being stupid,2
we really,0
throw,0
alreaady imbecile team,2
aces means idiot,1
i hope he is whole family die,2
faces so ugly like raven,2
finish my team is noob,2
end the game,0
the fuck are you doing,1
fack yuo,2
she gay and she fucked u,2
no bs you are nothing,0
can win,0
fucktard russian,2
playing so fucking idiot real noob,2
holy shit,1
3 top,0
you picked four melees,0
witch fedeer,0
fucking lucky team,1
good to throw,0
what the fukc,1
waited for brew,0
go fuck yourself bick,2
now its on me d,0
we just cant wait 20min for 1 afk wooden pc,0
and lose me the game,0
think ur some shit with wombo combo,2
cause ur team sucks,2
phase boots,0
make it a sufferig for this shit lc,0
tang ina,2
feeed me more,0
i want go to shop,0
i think dc,0
wtf puck,1
thats no reason to pause,0
fuckin boster nooob,2
second try lucky,0
it was,0
these,0
losing because of retartded support,2
report that legion and am,0
i mean you lost bot to a guy that is 1000 mmr higher or so,0
bf suck,1
it is my spirit animal,0
comend tusk,0
rofl,0
fukcing sentry,1
oh yeah fuck yourself,2
who yur mum,2
come here,0
report ember pls thanks,0
and stupid,1
look at my techies,0
bott,0
intentional feed they calm down,0
cuz they pick roamers,0
you fucking asshole,2
i have more farm than pa,0
eg is still not top tieru fucking punks are never satisfied are youhope you enjoy being bitter cause i definitely love being,1
fucking trash russian shit,2
okay what ever mna,0
oh no wait ure building a fucking hex with a lion,1
mother fucker am,1
sea is cancer,2
holy shit,1
he fucking plant ward at our base,1
afk,0
and this spectre predict,0
the mmr doesnt change shit,1
what now,0
cyka eshe i gllif kak prozhalo,2
buy more wards,0
this od is so shit,2
wtf is that range,1
i give treat if you shut up,0
fucking mid player,2
of shit,2
who are you talking to,0
wards sponsor,0
let me show u the wey,0
that was good,0
ty pud,0
my duck hard,2
commend team 0 gank 0 ward,0
im done with mothwegr fuicker,1
we are not entirely sure,0
pls wait,0
gg fucking pointless when teams dont even listen rofl,1
fuck mouse,1
all the watn,0
spe is so fucking over farmed,1
farm my dick,2
i expect this ta cant do shit,2
matching scores for the noobs,2
creep block is too strong,0
what about tinker u pioece of shit,2
this void,0
nice fuckin hero,1
all solo gaming,0
fucking trash,2
bitches and hoes,2
wht can i do woth this fk,1
hes lyin,0
osfrog,0
best tornado 2018,0
your country shame on you,2
report troll ty,0
team can feed every noob,2
lol 3rd times the charm,0
u have antibkb team,0
score says 3,0
team,0
im a try hard yes,0
turn capslock of you imbecile,2
hes insecure enough already about his baby dick,2
sounds good,0
did you mother fuck a dog to born you,2
you are getting anal raped,2
fckin feed spport,2
coming from you,0
so ez russian shits,2
no more cocksucking,2
fuckign hell your so garbaage,2
but it is ok,0
pudge is real,0
ruined my second game,0
that i can def,0
he is at the trees on bottom tw,0
thanks,0
cock link,1
report eart,0
fyuck i hate this team,2
thanks,0
sorry c,0
fucked your ass,2
can u end this shit,1
he is afk like monkey that he is,2
thats retarded xd,2
fc king willow,2
i told him not to play fucking lia,1
try harder,0
i have the shittiest,2
stop it,0
who 1x1 near rosh,0
holy wshit,1
just report them,0
mothefucker i wanna see you react,1
fuck the base u dont need it,1
top eu players there,0
who the fuck is this invoker player,1
pls wait thx,0
he tilted,0
our invis trash,1
im not your mate guy,0
ill feed,0
easy,0
3 thbnf,0
im reporting,0
they cant ome back,0
well fucking done np,1
cool,0
report him,0
u think u can beat me,0
thx legion for staying,0
fucking 2k trash,2
this patch is not 1v1,0
i will commend u sniper if u commend me too,0
do u think ppl want wait,0
the logic is,0
ff pls,0
rofl,0
report doom and furion,0
change wifi,0
hes free kill,0
numbers in your languea,0
easy,0
please end fast push fast please,2
oh sorry 110,0
my queen know tha way,0
report clinks,0
fuck you techies,2
your s key works,0
up your porn game,2
one way rape train,1
shit instead of brain,2
shitty carry,2
reprot blue and orange,0
i hope u get this jugger or wr in ur next games,0
ggwp ty,0
fuck these stupid carries,2
and treant,0
that think they are good,0
report him,0
now pause for us thx,0
wtf is your problem,1
what u all still wanna do lol,0
cause u re fckingnoob too,2
and the phatetic team winss,2
it happens when you play on 2k for too long,0
pheonix,0
currently in game,0
lol 0 sunstrikes shit invo,2
im not sure what he expects me to do at this point,0
unbelievable how people can be so bad to lose thsi game,0
commend me please,0
the doige lycan,2
well come home sniper,0
fuck this life,1
thats shit,1
ill report thiis undying to gaben,0
can you fuck off,1
game eazier without tinker,0
a freaking joint,0
fk u,2
clock clock clock clock clock clock clock,0
report this fkign players,2
its best for you to leave,0
music to my ears,0
just finish this shit,1
thats how u win,0
report fiery fire,0
on going,0
report yourself,2
to think about soulring,0
gg this shit,2
pudge lock and this warm shit,2
report this idiot slark,2
its next level bitch,1
to our yurnero player,0
says a shit cunt,2
and then going afk,0
report this bastard,2
roses are red violets are not i snatched up baby madeline right up out of her cot,0
idont fucking care the hero,1
i want to lose cuz i am noob,0
im covered by noobs here,2
throw,0
com fucking end,1
so it is not comeback,0
please wait,0
slark man its polite to wait for them to return,0
shut the fuck up,2
ty fuck noo,1
get the fuck out,1
fuck russia,2
watch replay if ur confused,0
fuck u,2
pts poluchat,0
retard im legend 5 idiot bastard noob,2
pice of crap,2
from radi,0
u dont need english to win dota,0
go soul ring instead of arcane,0
cyka,2
learn to support you toxic cunt,2
my lion is mexican,0
sorry we do not speak dead languages,0
please end fast push fast please,2
in safe time,0
just helping thou,0
a dog cant bark and no brain,2
ye when i win mid 2v1 d,0
warlock moron,2
when you got noob carry d,2
he free fucking hit,1
carry techies,0
youre fucking dumb,2
happy new year,0
just pretend the man does not exist,0
report mk ffs,0
we have nothing to cancel banes ulti,0
ty for 25 btw,0
report in lp,0
plz report this invo guys,0
everything is possible,0
leanr some game awareness zeus,0
proof that vertcoin is a shitcoin,1
we dont care,0
gay porn ur team,2
raport this shit omni,2
because he is pro,0
that was a 3v1 too,0
report this imbecils,2
wjhat a retard,1
top bounty rune,0
cool,0
for a shit hero,2
why you dont use it,0
pls some bombs in russia will be great,2
can not own him,0
weaver so fucking bad lost lane,1
my team,0
well u would wait forever mate,0
no slark won the game u can all see it,0
show u how stupid i am,1
bate mais forte fia,0
this game,0
get cancers all,2
worst team,2
fking clock,2
not coming into play,0
so just wait,0
tang ina nyo,2
fucking trash,2
you got shit on kid,1
im talking about spells,0
how is it going,0
u useless anyways,2
cool,0
and we have,0
every game i have cancer teammates,2
nice one,0
reprot elgion and pahotm plis,0
what,0
waif fuck your beloved oness,2
report amm gg,0
you walked right by me lol,0
so ugly teror,2
put it on ytube pls,0
bm and riki are reportedfor constant insulting and feeding,0
u sure suck at carrying your team,2
hilarious sniper,0
reported tini pls,0
why these fucking pauses,1
broke items,0
ty bottle,0
carry supps,0
report jug,0
1v3 fore what,0
farm with joker,2
he was honestly your best player,0
why are you pausing,0
tard team,2
what is a meepo,0
i think that pinoy player so fuck,2
shaman went to pray allah to fucking blow up your stupid country and your pc,2
onmi has two boots,0
this game is bullshit,2
trash ass luna,2
you are just as salty as he is,0
storm were shits,2
please,0
and i have no team,0
in the spirit of xmas,0
easy,0
i cant supp trash team,2
rofl,0
this garbage team,2
report mirana,0
all that farm and i kill 3 hit u,0
reported,0
he is good right,0
gl further,0
why isnt necro mid also,0
are u wanna play with that lich,0
dk with no,0
check this,0
dont got all fucking day,1
hey,0
how paly with this trash,2
if voker carries we all suck his dick,2
have to do this again,0
merry xmas,0
u care,0
your mama is a whore,2
you are in middle of our towers,0
such a noob trash talker,2
he is mongol,0
very nice safelane,0
too much greedy,0
yes we know that,0
fucking clueless fuck,2
it is useless to play with this medusa,0
to have some wards,0
look lycion,0
party,0
my internet is shit obvisuly,1
report sf ty,0
sucking xp like a cuck,2
trying to be witty arent we,0
russians go to your east servers bitcheeeeeeees,2
fuck this pa,2
i hate the animation on call,0
bane last pick,0
shitty gyro cant use the space i make in early,2
slark noob,2
you fucking imbecile,2
ya fuck this game,2
cyki,1
nice rosh,0
any pinoyfucks,2
all of my game is so fck up cuz this cancers,2
super lucky this bastard,1
q throw foi esse od,0
fucking jewbastard dipshit,2
3 stack party with core,0
report clingz please,0
i have prepared shit in my ass,1
and finish,0
from the offlane,0
balacned hero i think,0
wp team forest,0
well played sir deserved victory,0
nah rather you have,0
refresh,0
all like gays all the game its boring,2
tinker without aghs,0
thats the play,0
thanks for rampadge,0
who ban arc,0
this fucking ursa try hard,2
assholres,2
who cares,0
sucks dick man,2
random lucky shit,1
contest on fucking roshan,1
and be useless,2
i heard jug called yoiur mom a whore,2
rly,0
fckign malay people,2
stop pausing every time your mom takes a cum load to the mouth,2
fuck u and your potato hero,2
acaboui,0
please,0
tahts why i teach,0
yeah man fuck off,1
do you know the wey,0
ur the retarded kid mind,2
on crocaine,0
youtubecombaboy10 the plays,0
that shit drow,2
you dumb and blind,1
why i have this fucking retarded russian in my team,2
so leave pls now,0
why me all time you gay,2
what were you doing,0
ez putins whore,2
fuck ur lol hero,1
nice try dick head,2
mother fucker,2
report pudge,0
look what iidot,2
so fucking useless,2
chert,0
what is this game,0
the fuck,1
hater,0
bullshit match ever,2
and u suck as an orgy,2
wtf is that hero,0
me team report,0
tehy are all top meanwhile tb is farming wtf jugg u r losing,1
for the record,0
nah packin 95 inches wbu,2
typical russian scum,2
idk what the fuck in pinoy is brain,2
rush b eco,0
a usless player top,2
hello trash,2
fuck offf,1
shitty lc,2
he is not cuming back,1
okay you were literally just standing there this time like the fuck,1
how lon,0
that also plays a factor,0
dont cty bitch,2
with this shitshiow,2
or not,0
or do you want gay porn,2
i will block,0
are the saddest,0
that we have 2 idiots,2
divine and cant play viper classic,0
they are uselss,2
thats a gottum,0
its not gay if im a girl u dipshit lmao,2
they are dea,0
his mother call him for sleep,2
real tired of ur dumb ass,2
this shit,2
whatup,0
i am playing quietly minding my own business but y keep calling me,0
report useles timber pls,2
piece of shit hero,2
fuck calculed legend,2
im so sorry,0
a anceint acc,0
f ck this,2
really,0
guys there is how throw game,0
low skill inv and usless lion,2
omg what the fuck guys,1
3 is right next to 4,0
it is all about safelane carry d,0
good luck have fun,0
piece of shit,2
to take your base,0
useless carry,2
nuice ward,0
shitty lc,2
as fucking hell,1
easiest sf of my life,0
fuck that invoker build,1
give him a clap,0
rampage please,0
ye hes the best,0
fuck off,1
u sucks at mid so i question it too,2
fuck your mother,2
check thos fukin lane,1
fuck the game,2
that is the shit of dota,1
hey,0
fuck this shit,2
your mom is a whore,2
great fucking od player,1
hehe hope your mom gets cancer,2
and this fucktard understood tha,2
cz u lowly cunt mate cnt do shit wtf build,2
what the fuck,1
commend carry,0
you laugh for nothing,0
dude meepo is a fucking troll,1
with shit rank,1
thanks for sapping ur puck is exp and farm,0
sssshhhh,0
i was the slardar bane,0
wtf i thought sea asia got too many noobn,2
who kept whining,0
rip english,0
how u get out lol,0
ty for ruin this game medusa,0
gg nice throw,0
english rip,0
fuck its my first time seeing that,1
no idea wtf is going,1
report alche plz,0
u done nothing,0
would like to know also,0
cant believe how much lion is sucking juggs dick over a joke lol,0
with this idiots,2
u paly better than him,0
team all hits from behind,0
comeback,0
hes low as fuck,1
creeps,0
report lion ty,0
your team,0
rofl,0
why,0
only es bane and sky,0
worth,0
for that,0
bb wants to farm,0
why make am so fat,0
fuck all the niggas,2
lol esse weaver,0
sven dont know how to stun well,0
space crated xd,0
hey can we end,0
let me and invo,0
except me all my team is pro,0
commend rubick,0
fuck uuu,2
cant take those imbeciles,2
cum on your mom back,2
dial it back to an 11 there mate,0
thello,0
please shut the fuck up and play,1
no ward no shit,1
you get people that just decide to be dicks and not play teh agme,1
this team really sucks,2
bitch pls,1
fuck off,1
shitty pudhge,2
he is a fucking terrorist,2
what a game,0
axe 3 stouts shield,0
report me please,0
whats ur problem,0
go to play stardew valley wk and learn how to farm,0
and my help,0
look the shit pa,2
shitty mid,2
support my ass senpai,2
u won this,0
worth,0
mos useles brood in the universe,2
this bara useless,2
welcome to the jungle btich,2
sorry im squishing ur bitchass,2
commend me ty,0
fucking 2 skils and im a quater hgp left,1
hes an autist,2
merry xmas,0
u worse than trash,2
xnxxcom make ur dreams come true,1
report pls my teams,2
you guys know lucas,0
shameful display,2
bitches,2
who is your offlane,0
team is farming,0
that bug,0
this my carry midd,0
i got no gurl to suck it for me,2
this fool,0
fuck off already,1
cuz hes lil retarded kid,2
im noob but i win,1
comnet,0
lol killed by nooby drow,2
iyot is real,2
id trade ur pudge fo our flaming brainless clingz anyway 3,2
venge u know ur sapping exp from uir mid,0
merry christmass kid picks morph even though he has been nerfed to fuck rofl,1
what happen sofa,0
professional player,0
please end fast push fast please,2
how can he report,0
not today isis,2
fucking pussy,2
i have no idea how peoples life can be so miserable they need to talk shit constantly over the internet,1
haters,0
scary meppo,0
cant play jugg,0
cannot kill tiny,0
that russian dog,2
of course im going to kill her,2
vet is a shitcoin boi,1
worth,0
if you think mmr and kill are the same you must b een stupid than all here,1
thats what your mum said,0
feed mid pls,0
all is my fuckign intenrt,1
you trash d,2
is my pudge gonna do sometihng,0
ez invoker,0
i died but killed the dum carry who has a survival tool,1
nerf the fucking hero icefrog,1
why,0
rape lycan with 10 hp regen,1
pathetic,1
good player,0
lobby,0
haha fucking 40 cd reduction,1
please,0
end this tb so noob,2
report clok flamer,0
nice items alch lol,0
how are you my friend,0
ofc suck my dick,2
or are we in late,0
ugly pudge,2
what are theeeese,0
boosted shit,2
thx pudge,0
tryhard cunt,2
said the one who can not survive using snowball,0
on weekend we have so much retards,2
mewanhile your sf cary your team,0
report these 4 retards,2
you are boosting what exactly,0
wtf is ur pick,1
this was a smoke,0
where the fuck is snow,1
another russian dog sf,2
they cant even be 5k cuz they will live in 4k,0
wtf back attack,1
not gonna waste my time,0
didnt know how to deff,0
reprot this wk,0
ofc he is playing a support u retarded shit,2
i dont know,0
i just carried all of u fucker,2
willow can not admit she fucked u,1
enjoy ur win im afk,0
what wr no mid,0
only russians use animal wouldog etc as insults,2
wtf was that d,1
cyka,2
go strainght mid,0
wastin,0
the fuck is nam nam,1
ur diving fucking fountain,1
please end fast push fast please,2
ill throw,0
lol when did u see 4 bot lol,0
come suck my dick,2
he braindead,0
wanna feel the real fuck,1
first time hook shoit,1
big counter picker,0
fuck these wooden pces leavers,2
doesnt hit the tower xd,0
supported phoenix,0
cat burned,0
i am really not sry man,0
i rich what,0
honestly just fuck off,1
gets an easy match upthinks hes a king meanwhile every other lane gets fucked because he refuses to adapt,1
why the fuck u tped,1
bitch please,1
this idiot,2
trash cant buy ward,2
report ursa,0
this hero is dead,0
useless fuck,2
without treads,0
or wtf was that,1
wtf,1
u know arise,0
fuck off,1
with 2 ee is,0
we got one of them boyz,0
the comback,0
you re shit btw,2
u suck at it,2
how to win with this animal,2
fuck this shit,2
the brainless,2
cum back,1
dont understand your domestic helper language,0
switch off my cheats,0
fuck off,1
lol ty,0
eg is still not top tieru fucking punks are never satisfied are youhope you enjoy being bitter cause i definitely love being,1
bully hard carry more,0
if he actually killed himself,0
gonna report this family fucked dog,2
my piece of shit skymage,2
the ks is real,0
all aim tide what a 3 noob party,2
then still its still a game,0
why i play with 2 k mmr nooobs,2
for farming a lot,0
why all russian are so dirty player,0
shut up vpoid youre fucking terrible,2
che yl not,0
rofl,0
undying too stronk,0
nigger taint is a compliment in my eyes,2
comend mid,0
you all blew your loads on my spikes,0
ty for rapiers,0
fuc k you asshole,2
rofl he was going to take aegis,0
tide carry wtf,1
he crash,0
you lose stop playing fucking divine,2
u can sell it and bought some brain,2
fucking idiot teammates,2
outplayed,0
this is too long,0
we cant win,0
help your mid morons,2
you are not pro btw,0
son of shit,2
what an ugly set pudge,2
cm said shut up,0
well played,0
really,0
why all go for me noobs,2
want carry mid and everything,0
fucking pieces of trash,2
why do u pick su as heros,0
reatards,2
slippery littlee bugger aint you,2
he doesnt have souls,0
ancient as fuck,1
what is mmr,0
anything else tbh,0
asshole,2
it is fucking unranked chill the fuck out,1
rof,0
it is the best you have got,0
thank you,0
we was a cock as shit,2
ill out retard your feed dont worry,0
this jugger,0
you are support though,0
just w8 idiot s shit remack,2
so we shound not w8,0
fucking shit,2
thats not balanced u know,0
peace of shits,2
can you suck my dick,2
too basic mk plus noob lane,2
i played solo,0
that was the plan,0
fucking noob team,2
fck your combo,1
noob cm give la rampage,2
the latest trend,0
ty god ididnt support these retard shit,2
youtubecommirocj01 divine crusher,0
how is that balanced,0
good luck becouse of fuckin interner,1
plz report techies,0
its automatic system,0
is hurtying my brain,0
he is an axe though,0
so fucking shit,1
reason,0
report this mother fucker,2
techies makes the game boring,0
fyck,1
lol to help bot,0
so the point of the game is to never protect pos 1 n,0
shh feeders,2
where is he,0
sorry but my team useing my shine alone,0
the aegis,0
ty the game,0
server is shit,1
how many retards bot,2
w8 this astard pls,1
trash,2
push top,0
u fucking selfish prick qop,2
learn england,0
0 assist your score tell everything how shit u are,2
both arsenal and liverpool are noobers team,2
talk shit early,2
but u can see this retard,2
why,0
report wk pls thnaks,0
would be embarriising otherwise,0
o it tickles me,0
you are winning a game of ad no need to be dicks about it,1
archer,0
go play with my dick more,2
this noob friends,2
wasts goin on,0
what you wat did you say suck dick,2
cz no one want on front,0
hey,0
wrong chat,0
trash invo,2
whore is a genuine profession,1
shut the fuck up man,1
o,0
sk 1 ulty for 46 min,0
good come back wp guys,0
sorry for him,0
fic k,1
no tt please,0
we already there,0
pl wanna chase me asshole,2
you,0
why would i then,0
by sfs,0
they one that raped u,1
cant win game,0
invis mother fucker,2
easy,0
why you afk top mag,0
that tidebringer crit,0
retarded team,2
you suck me cocky,2
focus all on me,0
rly,0
cause fo fucking hg,2
just now fucking idiot naix and ck say me will fail mid,2
idk why he cant just pick fucking viper,1
these guys,0
report monkey,0
he is good,0
retarded team,2
fucking idiot offlaner,2
youre honestly garbage brown,2
ff not rr,0
they are fucking euling themselves,1
which carry will win,0
you fcking moron,2
this enigma and ench are totaly usseles,2
u losing to trash,2
mother fuck,2
wait my ult then,0
lol the lane,0
console report submitted thank you for helping to improve the dota 2 community,0
fuck that guy,2
fuck mothers,2
noisy and useless,2
fucknoob,2
report treant sf,0
why yiu focus him,0
son of a whore and donkey,2
u played like u are afraid and turtled 20 mins,0
we can see it,0
bitch,2
where are you strom,0
much cute very strength,0
thats what i fucking thought,1
report all team ty,2
fuck off,1
ez predicted pango,0
suck my balls mirana,2
raped,1
if you find many cancer in your games you are the cancer,0
ty for pushing lane,0
noob team,2
in my team,0
bobo ka tm eroy,2
i hate this team,2
fuk this game,2
ur cow ismad,0
razer sf too fucking strong right now,1
white power,1
why u want to fucking unpause,1
this moron,2
what is the best soup,0
can be that dumb,1
thanks for game,0
maybe you were playing like shit and he tilted,1
idiot bs,2
thanks for eulsing me,0
shut the fuck up bitch,2
nagh hes flaming am for farming,0
with 4 noob,2
acc buyer,0
i commend your fucking rat,1
mind topo,0
fucking 3k tryhards lul,2
not both anyway,0
report quiter and invoker pls,2
and he willmake a carry maden with bf,0
rep bh an pudge,0
fucking a lll nooob,2
i dont wanna play this shit,1
report that shitt,2
team is fucking stupid animals,2
dark willow pls dont use this hero,0
please end fast push fast please,2
dickhead,2
on block,0
t r a s h t e a m,2
motherfuckersssssss,2
thank,0
blame my noob teammates,1
wow ur a dumbcunt,2
if yes then we all indog,2
he is cumming back,1
is tinker seriously laning,0
top,0
nc abed,0
might as well sell it,0
random on ranekd match,0
tis ahrd,0
report lina,0
also my luna is cancer,2
ima fk urmother,2
to much russian dogs,2
never pick my rune again bitch,2
fail top,0
buirrit,0
let the faggot be happy with his imba hero counter,2
shame they had such a shit offlane,2
putin suck dick faggot retard autist car trunk cliff fucker die,2
u cant win why bother,0
the aa is a toxic cunt,1
fucking we have archon 3,1
ofc,0
thats an easy jebait,2
how many times are you gonna miss,0
fuck it,1
stop defending then,0
sorry bro,0
report me thk,0
why by,0
fucking monkey suck my dick,2
cyka,2
retards everywhere it seems,2
fuck u introshits,2
thanks,0
thanks juggs for being a great carry,0
he chrono any1 in his first sight,0
what a retreded game,1
eat dick bitch,2
nope,0
first pick,0
stop this,0
what,0
suck my big black cock,2
i build something retarded lemme blame it on team mate,1
is that dog knows only barking,2
swap commend ty,0
this is easy,0
can we end,0
come back,0
fuck off drow,1
go to russian servers u fuck,2
he got rape by pa,1
welcome to dota,0
sb dumb charge mid too,2
and i did bettee thatn all other supports,0
comend plz,0
sleep is for the weak,0
what are you doing there,0
come to his rank,0
this pudge so fucking stupid,2
if we didnt have fucking useless mid nd enigma,2
this idiots,2
rofl,0
shityt pudge,2
team respect him,0
one curse and you boys run,0
what a spell,0
that is yo,0
your so trash,2
it nice when ww leaches exp mid,0
slow brains,0
blame sf our mid feed still cant do shit,1
i didnt fucking want to mid,1
ss has a problem with me,0
ho w the fuck,1
rly mate,0
what the fuck,1
nyx should learn from u,0
wow extension available for purchase,0
is that,0
fkin creep,1
or feed,0
who tf gets sb with wraith,1
fuck u qop let me and sf brawl it out,2
what an idiots,2
what a hook man,0
to my team,0
he wasnt afk,0
get off my dick pudge,2
gg close game,0
stupid as fuck,2
